{
  "findbyId" : {
    "transaction" : "findbyId",
    "sampleCount" : 15000,
    "errorCount" : 0,
    "errorPct" : 0.0,
    "meanResTime" : 577.4945333333352,
    "medianResTime" : 643.0,
    "minResTime" : 0.0,
    "maxResTime" : 1331.0,
    "pct1ResTime" : 990.0,
    "pct2ResTime" : 1049.0,
    "pct3ResTime" : 1226.9799999999996,
    "throughput" : 177.71669589119,
    "receivedKBytesPerSec" : 42.52010790365386,
    "sentKBytesPerSec" : 25.512064742192315
  },
  "Total" : {
    "transaction" : "Total",
    "sampleCount" : 75000,
    "errorCount" : 0,
    "errorPct" : 0.0,
    "meanResTime" : 804.8686266666685,
    "medianResTime" : 988.0,
    "minResTime" : 0.0,
    "maxResTime" : 6318.0,
    "pct1ResTime" : 1826.9000000000015,
    "pct2ResTime" : 2189.0,
    "pct3ResTime" : 3042.9900000000016,
    "throughput" : 888.2151612406589,
    "receivedKBytesPerSec" : 565.9225196961712,
    "sentKBytesPerSec" : 192.04183271355654
  },
  "create" : {
    "transaction" : "create",
    "sampleCount" : 15000,
    "errorCount" : 0,
    "errorPct" : 0.0,
    "meanResTime" : 880.7279333333348,
    "medianResTime" : 862.0,
    "minResTime" : 1.0,
    "maxResTime" : 5452.0,
    "pct1ResTime" : 1646.8999999999996,
    "pct2ResTime" : 1944.0,
    "pct3ResTime" : 2717.99,
    "throughput" : 178.2848992690319,
    "receivedKBytesPerSec" : 72.91366043040945,
    "sentKBytesPerSec" : 49.62030887858798
  },
  "update" : {
    "transaction" : "update",
    "sampleCount" : 15000,
    "errorCount" : 0,
    "errorPct" : 0.0,
    "meanResTime" : 873.5329333333319,
    "medianResTime" : 845.0,
    "minResTime" : 2.0,
    "maxResTime" : 6318.0,
    "pct1ResTime" : 1657.8999999999996,
    "pct2ResTime" : 1964.0,
    "pct3ResTime" : 2679.99,
    "throughput" : 178.6948130852255,
    "receivedKBytesPerSec" : 49.21087625979844,
    "sentKBytesPerSec" : 52.35199602106216
  },
  "findPage" : {
    "transaction" : "findPage",
    "sampleCount" : 15000,
    "errorCount" : 0,
    "errorPct" : 0.0,
    "meanResTime" : 850.140200000003,
    "medianResTime" : 842.0,
    "minResTime" : 1.0,
    "maxResTime" : 4852.0,
    "pct1ResTime" : 1606.0,
    "pct2ResTime" : 1895.0,
    "pct3ResTime" : 2596.0,
    "throughput" : 178.08381811706042,
    "receivedKBytesPerSec" : 360.23681669609994,
    "sentKBytesPerSec" : 27.477776623530808
  },
  "delete" : {
    "transaction" : "delete",
    "sampleCount" : 15000,
    "errorCount" : 0,
    "errorPct" : 0.0,
    "meanResTime" : 842.4475333333322,
    "medianResTime" : 824.0,
    "minResTime" : 0.0,
    "maxResTime" : 5547.0,
    "pct1ResTime" : 1576.0,
    "pct2ResTime" : 1854.0,
    "pct3ResTime" : 2665.99,
    "throughput" : 178.76509075307771,
    "receivedKBytesPerSec" : 42.77094456494535,
    "sentKBytesPerSec" : 37.882836614665884
  }
}